Id,Situação,Situação Anterior,Data Primeiro Cadastro,Hora Primeiro Cadastro,Data da Última Entrada,Hora da Última Entrada,Nome,E-mail,Telefone,Ponto de Venda,Empreendimento,Primeiro Empreendimento,Último Empreendimento,Código interno,Pré-cadastros,Reserva,Simulação,Ganhos,Perdas,Total de Vencimentos,Gestor primeiro,Gestor último,Gestor,Corretor,Categoria do Corretor,Nível do corretor,Imobiliária primeira,Imobiliária última,Imobiliária,Sigla da Imobiliária,Sigla da Imobiliária anterior,Diretor da Imobiliária,Telefone do Diretor da Imobiliária,Celular do Diretor da Imobiliária,Corretor Anterior,Penúltimo Corretor,Primeira Origem,Última Origem,Produto Lead,Motivo de Cancelamento,Descrição do Motivo de Cancelamento,Data de Cancelamento,Data da Primeira Interação (Gestor/SDR),Data da Primeira Interação (Corretor),Data da Última Interação,Data do envio para corretor anterior,Data do envio para corretor,Dias sem contato,Data de Reativação,Lead vencido,Primeira Mídia de Visita,Última Mídia de Visita,Possibilidade de venda,Convertido,Primeira Conversão,Última Conversão,E-mail alternativo,Sexo,Profissão,Data de nascimento,Telefone alternativo,Cep,Endereço,Número,Complemento,Bairro,Estado,Cidade,Documento,Renda,Tag,Tempo de conversão para reserva,Tempo de conversão para venda,Primeira Campanha,Última Campanha,Data da última alteração de situação,Origem RD,Bolsão,Momento do Lead
1,Aguardando Atendimento,Novo Lead,30/12/2022,16:52:22,30/12/2022,16:52:22,Teste 1,,'+5517997693249',,,,,,0,0,0,0,0,0,iVera,iVera,iVera,iVera,,,iVera,iVera,iVera,iVera,,,,,,,Painel Gestor,Painel Gestor,,,,,,,,,30/12/2022 às 16h54,0,,Não,,,,Não,Painel Gestor,Painel Gestor,,,,,,,,,,,,,,,,,,,,30/12/2022 às 16h54,Não,Não,
2,Visita Realizada,Visita Agendada,30/12/2022,16:52:23,30/12/2022,16:52:23,Teste 2,,'+5517991428353',,Teste,Teste,Teste,1,0,0,0,0,0,0,iVera,iVera,iVera,iVera,,,iVera,iVera,iVera,iVera,,,,,,,Painel Corretor,Painel Corretor,,,,,,30/12/2022 às 14h35,30/12/2022 às 15h54,,,0,,Não,,,,Não,Painel Corretor,Painel Corretor,,,,,,,,,,,,,,,,,,,,30/12/2022 às 15h54,Não,Não,
3,Aguardando Atendimento,Novo Lead,30/12/2022,16:52:24,30/12/2022,16:52:24,Teste 3,,'+5517991119191',,,,,,0,0,0,0,0,0,iVera,iVera,iVera,iVera,,,iVera,iVera,iVera,iVera,iVera,,,,,,Painel Gestor,Painel Gestor,,,,,,,,,30/12/2022 às 11h15,0,,Não,,,,Não,Painel Gestor,Painel Gestor,,,,,,,,,,,,,,,,,,,,30/12/2022 às 11h15,Não,Não,
4,Aguardando Atendimento,Novo Lead,30/12/2022,16:52:25,30/12/2022,16:52:25,Teste 4,,'+5517981045231',,,,,,0,0,0,0,0,0,iVera,iVera,iVera,iVera,,,iVera,iVera,iVera,iVera,,,,,,,Painel Gestor,Painel Gestor,,,,,,,,,30/12/2022 às 08h52,0,,Não,,,,Não,Painel Gestor,Painel Gestor,,,,,,,,,,,,,,,,,,,,30/12/2022 às 08h52,Não,Não,
5,Aguardando Atendimento,Novo Lead,30/12/2022,16:52:26,30/12/2022,16:52:26,Teste 5,,'+5517991838069',,,,,,0,0,0,0,0,0,iVera,iVera,iVera,iVera,,,iVera,iVera,iVera,iVera,,,,,,,Painel Gestor,Painel Gestor,,,,,,,,,30/12/2022 às 08h51,0,,Não,,,,Não,Painel Gestor,Painel Gestor,,,,,,,,,,,,,,,,,,,,30/12/2022 às 08h51,Não,Não,
6,Em Atendimento,Aguardando Atendimento,30/12/2022,16:52:27,30/12/2022,16:52:27,Teste 6,,'+5517981154735',,,,,,0,0,0,0,0,0,iVera,iVera,iVera,iVera,,,iVera,iVera,iVera,iVera,,,,,,,Painel Gestor,Painel Gestor,,,,,,30/12/2022 às 12h42,30/12/2022 às 12h42,,30/12/2022 às 08h49,0,,Não,,,,Não,Painel Gestor,Painel Gestor,,,,,,,,,,,,,,,,,,,,30/12/2022 às 12h42,Não,Não,
7,Em Atendimento,Aguardando Atendimento,30/12/2022,16:52:28,30/12/2022,16:52:28,Teste 7,,'+5517991032894',,,,,,0,0,0,0,0,0,iVera,iVera,iVera,iVera,,,iVera,iVera,iVera,iVera,,,,,,,Painel Gestor,Painel Gestor,,,,,,30/12/2022 às 09h34,30/12/2022 às 09h34,,30/12/2022 às 08h47,0,,Não,,,,Não,Painel Gestor,Painel Gestor,,,,,,,,,,,,,,,,,,,,30/12/2022 às 09h34,Não,Não,
8,Em Atendimento,Aguardando Atendimento,30/12/2022,16:52:29,30/12/2022,16:52:29,Teste 8,teste@test.com.br,'+5516981227042',,,,,,0,0,0,0,0,0,iVera,iVera,iVera,iVera,,,iVera,iVera,iVera,iVera,,,,,,,Não Definido,Não Definido,,,,,30/12/2022 às 06h00,,30/12/2022 às 06h00,,30/12/2022 às 08h44,0,,Não,,,,Não,Painel Gestor,Painel Gestor,,,,,,,,,,,,,,,,,,,,30/12/2022 às 09h33,Não,Não,
